Database Name,Description,Website
CoinMarketCap,"Market data and analysis for cryptocurrencies including market cap, price, and trends.",https://coinmarketcap.com
CryptoCompare,"Comparative data on cryptocurrencies, providing price indices and API services.",https://www.cryptocompare.com
CoinGecko,Cryptocurrency market tracker and analytics with historical data.,https://www.coingecko.com
Glassnode,On-chain analytics and market intelligence for crypto assets.,https://glassnode.com
Messari,Comprehensive data and research platform for crypto projects.,https://messari.io
Chainalysis,Blockchain analysis for compliance and market insights.,https://www.chainalysis.com
Nomics,API-first cryptocurrency data aggregation platform.,https://nomics.com
Santiment,Crypto market behavior analytics and insights.,https://santiment.net
LunarCrush,Social and market metrics for cryptocurrencies.,https://lunarcrush.com
IntoTheBlock,On-chain analytics and prediction models for digital assets.,https://www.intotheblock.com
